_id,selcode,card.description,card.model,card.image,technical.category,technical.location,technical.maker.web,technical.instructions,finance.purchase.date,finance.purchase.location,finance.purchase.amount,finance.purchase.invoice,finance.purchase.note,finance.disposal.date,finance.disposal.amount,finance.disposal.note,status,admin.creation.date,admin.update.date,technical.maker.name,technical.model_number,technical.serial_number,admin.update.user
6796aaf019005d0f46e68a92,0015,2 Seater and 3 Seater,Madrid,0015 2 and 3 Seaters.jpg,Furniture,Disposed,No URL,0000 No Instructions.pdf,2002-02-17T11:00:00.000Z,Harvey Norman - Porirua,2194,0015 2 and 3 seaters.pdf,"Olive Color, Soilguard",2018-03-30T11:00:00.000Z,0,Given away,Inactive,1900-12-31T12:30:00.000Z,1900-12-31T12:30:00.000Z,,,,
6796aaf019005d0f46e68a96,0043,Jamie Oliver Pot/Pan Set,,0043 Jamie Oliver Pot Set.jpg,Kitchenware,Kitchen-Dining,https://www.jamieoliver.com/products/home/cookware/,0000 No Instructions.pdf,2008-01-19T11:00:00.000Z,Harvey Norman Lower Hutt,699,0042 Electrolux Oven EOEE63AS.pdf,5 pces set,1900-12-31T12:30:00.000Z,0,,Active,1900-12-31T12:30:00.000Z,1900-12-31T12:30:00.000Z,Tefal,,,
6796aaf019005d0f46e68a98,0045,Panasonic DVD Recorder,,0045 Panasonic DVD Recorder DMR-EH68.jpg,Electronic,Living Room,https://www.panasonic.com/nz/home.html,0045 Panasonic DVD Recorder DMR-EH68.pdf,2008-11-14T11:00:00.000Z,Harvey Norman Lower Hutt,562,0045 Panasonic DVD Recorder DMR-EH68.pdf,$85 4FT HDMI Cable Included,1900-12-31T12:30:00.000Z,0,,Active,1900-12-31T12:30:00.000Z,1900-12-31T12:30:00.000Z,Panasonic,DMR-EH68,VNBFP001105,
6796aaf019005d0f46e68a99,0048,Dell Studio 15 Laptop,Studio 15,0048 Dell Laptop.jpg,Electronic,Disposed,https://www.dell.co.nz/,0000 No Instructions.pdf,2009-04-20T12:00:00.000Z,Dell New Zealand,2192.13,0048 Dell Laptop.pdf,,2015-10-29T11:00:00.000Z,0,Given to Jean,Inactive,1900-12-31T12:30:00.000Z,1900-12-31T12:30:00.000Z,Dell,S510414NZ,,
6796aaf019005d0f46e68a9c,0052,Panasonic Microwave,Inverter,0052 Panasonic Microwave NN-ST-659.jpg,Kitchenware,Disposed,https://www.panasonic.com/nz/home.html,0000 No Instructions.pdf,2010-05-27T12:00:00.000Z,Noel Leeming Lower Hutt,299,0052 Panasonic Microwave NN-ST-659.pdf,$71.00 Cash + 600 Fly buys,2017-07-07T12:00:00.000Z,0,Broken Door Glass,Inactive,1900-12-31T12:30:00.000Z,1900-12-31T12:30:00.000Z,Panasonic,NN-ST659WQPQ,5F30170906,
6796aaf019005d0f46e68a9e,0063,Ladder 6 ft Double Extention,DE 1412,0063 Double Ladder.jpg,Tools,Workshop,https://www.ullrich.co.nz/,0063 Double Ledder.pdf,1995-02-06T11:00:00.000Z,Ullrich Aluminium Petone,301.5,0063 Double Ladder.pdf,Includes Ladder Leveler,1900-12-31T12:30:00.000Z,0,,Active,1900-12-31T12:30:00.000Z,1900-12-31T12:30:00.000Z,Ullrich Aluminium,,,
6796aaf019005d0f46e68ab1,0143,Sunbean Capri Glass Kettle,KE6100,0143 Sunbean Capri Glass Kettle.jpg,Appliance,Kitchen-Dining,https://www.sunbeam.co.nz/,0000 No Instructions.pdf,2021-07-10T12:00:00.000Z,Farmers Lower Hutt,59.99,0143 Sunbean Capri Glass Kettle.pdf,1 Years Warranty till 11 Jul 2022,1900-12-31T12:30:00.000Z,0,,Active,1900-12-31T12:30:00.000Z,1900-12-31T12:30:00.000Z,Sunbean,,,
6796aaf019005d0f46e68ab3,0146,Phone Galaxy A52S 5G 2022,Galaxy A52s 5G,0146 Galaxy A52.jpg,Electronic,Fionas Office,https://www.samsung.com/nz/,0146 Galaxy A52.pdf,2022-03-19T11:00:00.000Z,Noel Leeming,559,0146 Galaxy A52 Invoice.pdf,1 Year Warranty,1900-12-31T12:30:00.000Z,0,,Active,2022-03-29T11:00:00.000Z,2024-05-31T12:00:00.000Z,Samsung,SM-A528B/DS,,karol_wojasz
6796aaf019005d0f46e68abc,0009,Food Processor,Multi Pro,0009 Kenwood Food Processor FP720.jpg,Appliance,Kitchen-Dining,https://www.kenwoodworld.com/en-nz,0009 Kenwood Food Processor FP720.pdf,2009-01-20T11:00:00.000Z,Norman Ross Lower Hutt,199,0009 Kenwood Food Processor FP720.pdf,,1900-12-31T12:30:00.000Z,0,,Active,1900-12-31T12:30:00.000Z,1900-12-31T12:30:00.000Z,Kenwood,FP720,NSW22218,
6796aaf019005d0f46e68abd,0011,Family Tent 12' x 9',Geneva,AssetImageMissing.jpg,Sports Equipment,Workshop,No URL,0011 Big Tent.pdf,1990-06-09T12:00:00.000Z,The Great Outdoor Company,900,0000 Missing Invoice.pdf,Roof made of special fabic (sun protection),1900-12-31T12:30:00.000Z,0,,Active,1900-12-31T12:30:00.000Z,1900-12-31T12:30:00.000Z,The Great Outdoors Company,,,
6796aaf019005d0f46e68ac0,0027,Life Jacket x 2,Spindrift,AssetImageMissing.jpg,Sports Equipment,Basement,No URL,0000 No Instructions.pdf,1997-06-29T12:00:00.000Z,Second Wind,59.4,0000 Missing Invoice.pdf,,1900-12-31T12:30:00.000Z,0,,Active,1900-12-31T12:30:00.000Z,1900-12-31T12:30:00.000Z,Hutchwilco,,,
6796aaf019005d0f46e68ac7,0061,Brother Multi-function Centre,MFC-6490CW,0061 Brother_MFC_6490.jpg,Electronic,Karols Office,https://www.brother.co.nz/,0061 Brother Printer mfc6490.pdf,2011-08-20T12:00:00.000Z,Notebook City,257.48,0061 Brother Multi Function Centre MFC-6490CW.pdf,,1900-12-31T12:30:00.000Z,0,,Active,1900-12-31T12:30:00.000Z,1900-12-31T12:30:00.000Z,Brother,,E66295JO372398,
6796aaf019005d0f46e68ac8,0065,Samsung 22 Monitor,SyncMaster,0065 Monitor Samsung S22B350.jpg,Electronic,Disposed,https://www.samsung.com/nz/home,0000 No Instructions.pdf,2012-05-30T12:00:00.000Z,Ascent Technology,250.4,0065 Monitor Samsung S22B350.pdf,,2017-10-04T11:00:00.000Z,0,Stopped Working. Sent to rubbish tip,Inactive,1900-12-31T12:30:00.000Z,1900-12-31T12:30:00.000Z,Samsung,S22B350,ZUNDHMCC300064P,
6796aaf019005d0f46e68acb,0075,Dimplex Heater 1kW 5 Fins,OFRC10B,0075 Dimplex Heater 5 Fins OFRC10.jpg,Appliance,Karols Office,https://www.dimplex.co.nz/products/heating/Eco_Column_Heaters/,0000 No Instructions.pdf,2011-04-22T12:00:00.000Z,Petone Mega 10,79.98,0075 Dimplex Heater 5 Fins OFRC10.pdf,,1900-12-31T12:30:00.000Z,0,,Active,1900-12-31T12:30:00.000Z,1900-12-31T12:30:00.000Z,Dimplex,,,
6796aaf019005d0f46e68acd,0079,Arcam Diva Solo Hi Fi,Diva Solo,0079 Arcam Diva Solo.jpg,Electronic,Disposed,https://www.arcam.co.uk/,0079 Arcam Diva Solo.pdf,2005-05-13T12:00:00.000Z,Eastern HiFi,2499,0079 Arcam Diva Solo Hi Fi.pdf,From Seaview Road,1900-12-31T12:30:00.000Z,0,,Inactive,1900-12-31T12:30:00.000Z,1900-12-31T12:30:00.000Z,Arcam,SM004215,,
6796aaf019005d0f46e68ace,0083,Wireless Desktop,MK 550,0083 Logitec mk550.jpg,Electronic,Fionas Office,https://www.logitech.com/en-roeu/home,0083 Logitec Wireless Desktop MK550.pdf,2013-07-19T12:00:00.000Z,Warehouse Stationery Petone,99,0083 Logitec mk550.pdf,Wireless Wave Keyboard and Mouse,1900-12-31T12:30:00.000Z,0,,Active,1900-12-31T12:30:00.000Z,1900-12-31T12:30:00.000Z,Logitech,,,
6796aaf019005d0f46e68ad2,0095,Electric Bike,,0095 ezee-quando-electric-folding-bike.jpg,Sports Equipment,Workshop,https://www.ezeebike.com/,0095 Ezee Quando Electric Folding Bike.pdf,2007-08-24T12:00:00.000Z,Poynters Auckland,2200,0095 ezee-quando-electric-folding-bike.pdf,250W Lithium Ion 37V 10Ah (370Wh) Battery,2024-02-29T11:00:00.000Z,0,Given away to outfit in Brewtown in Upper Hutt,Active,1900-12-31T12:30:00.000Z,2024-02-29T11:00:00.000Z,Ezee Quando II,,,karol_wojasz
6796aaf019005d0f46e68ad3,0101,Asus 23 Monitor,VX 238,0101 Monitor Asus VX238.jpg,Electronic,Disposed,https://www.asus.com/nz/,0101 Monitor Asus VX238.pdf,2014-12-13T11:00:00.000Z,Mighty Ape,298.87,0101 Monitor Asus VX238.pdf,3 Years Warranty Price includes HDMI cable,2022-01-17T11:00:00.000Z,0,Damaged screen - vertical line in the middle of the panel,Inactive,1900-12-31T12:30:00.000Z,2022-01-21T11:00:00.000Z,Asus,AS VX238H BK/1MS/AP,E3LMRS067302,karol_wojasz
6796aaf019005d0f46e68adc,0154,HP Laser Jet MFP,M234DW,0154 HP M234DW.jpeg,Electronic,Fionas Office,https://www.hp.com/nz-en/shop/printers.html?jumpid=ps_nz_ga_mk_se_cm017581_x_x,0154 HP M234DW Manual.pdf,2024-04-02T11:00:00.000Z,PBTech Petone,149.48,0154 HP M234DW.pdf,1 Years Warranty PIN Number 67022878,1900-12-31T12:30:00.000Z,0,,Active,2024-04-03T11:00:00.000Z,2024-04-03T11:00:00.000Z,HP,,CNKGG00007,karol_wojasz
6796aaf019005d0f46e68ae4,0029,Double Extension Ladder & Ladder Leveler,,AssetImageMissing.jpg,Tools,Basement,No URL,0000 No Instructions.pdf,1995-02-06T11:00:00.000Z,Ullrich Aluminium - Petone,268,0000 Missing Invoice.pdf,,1900-12-31T12:30:00.000Z,0,,Active,1900-12-31T12:30:00.000Z,1900-12-31T12:30:00.000Z,Ullrich Aluminium,DE 1412,,
6796aaf019005d0f46e68ae5,0037,Minolta Photographic Camera,150 Riva Zoom,0037 Minolta Riva Camera.jpg,Electronic,Disposed,https://www.konicaminolta.co.nz/,0000 No Instructions.pdf,2003-02-22T11:00:00.000Z,Wellington Photographic Supplies,699,0037 Minolta Riva Camera.pdf,With Remote Control,1900-12-31T12:30:00.000Z,0,,Inactive,1900-12-31T12:30:00.000Z,1900-12-31T12:30:00.000Z,Minolta,,31015079,
6796aaf019005d0f46e68ae6,0038,Kwila 2 Seat Park Banch,Pacific Seater,0038 Kwila Park Bench.jpg,Furniture,Workshop,No URL,0038 Kwila Park Bench.pdf,2003-10-26T11:00:00.000Z,Mitre 10 - Lower Hutt,265.72,0000 Missing Invoice.pdf,,1900-12-31T12:30:00.000Z,0,,Active,1900-12-31T12:30:00.000Z,1900-12-31T12:30:00.000Z,Kwila,,,
6796aaf019005d0f46e68ae8,0053,Nikon D3000 DSLR Camera,D3000,0053 Nikon_D3000.jpg,Electronic,Cork Room,https://www.nikon.co.nz/en_NZ,0053 Nikon D3000 Camera.pdf,2010-07-23T12:00:00.000Z,Harvey Norman Lower Hutt,1329.9,0053 Nikon_D3000.pdf,3 Year extra warranty $120.00,1900-12-31T12:30:00.000Z,0,,Active,1900-12-31T12:30:00.000Z,1900-12-31T12:30:00.000Z,Nikon,NKR-D3000(B),8148462,
6796aaf019005d0f46e68aea,0057,Dell Alienware M15x,Alienware M15x,0057 alienware-m15x.jpg,Electronic,Disposed,https://www.alienware.co.nz/,0000 No Instructions.pdf,2010-12-01T11:00:00.000Z,Dell New Zealand,2943.07,0057 alienware-m15x.pdf,Windows 7 FKKB7-PBQ9B-JXRYV-HYT7V-7GYM8 (X16-96072),1900-12-31T12:30:00.000Z,0,,Inactive,1900-12-31T12:30:00.000Z,1900-12-31T12:30:00.000Z,Dell,S510915NZ,CN 0W8J5Y 74767 0C3 5OI5,
6796aaf019005d0f46e68aec,0071,Black and Decker Angel Grinder,KG915-XE,0071 Angel Grinder KG915-XE.jpg,Tools,Workshop,https://www.blackanddecker.co.nz/,0071 Angle Grinder KG915-XE.pdf,2013-03-24T11:00:00.000Z,Petone Mega 10,69.99,0071 Black and Decker Angel Grinder KG915-XE.pdf,Two year warranty ends on 25 Mar 2015,1900-12-31T12:30:00.000Z,0,,Active,1900-12-31T12:30:00.000Z,1900-12-31T12:30:00.000Z,Black and Decker,,,
6796aaf019005d0f46e68af1,0086,Nikon AF-S Nikkor Camera Lens,Nikkor50mm F 1.8G (50mm F1.8G),0086 Nikon_AF-S-NIKKOR-50mm-f18G_front.jpg,Electronic,Cork Room,https://www.nikon.com/,0000 No Instructions.pdf,2013-10-10T11:00:00.000Z,Expert Infotech,345,0086 Nikon Lenses.pdf,,1900-12-31T12:30:00.000Z,0,,Active,1900-12-31T12:30:00.000Z,1900-12-31T12:30:00.000Z,Nikon,,,
6796aaf019005d0f46e68af5,0098,Samsung Galaxy Ace3 Smart Phone,Galaxy Ace3 GT-S7275R,0097 Samsung Galaxy Ace3 GT-S7275R.jpg,Electronic,Disposed,https://www.samsung.com/nz/home,0097 Samsung Galaxy Ace3 GT-S7275R.pdf,2014-07-18T12:00:00.000Z,Dick Smith Queensgate,269,0098 Samsung Galaxy Ace3 GT-S7275R.pdf,Two years warranty ends on 19 Jul 2016,1900-12-31T12:30:00.000Z,0,,Inactive,1900-12-31T12:30:00.000Z,1900-12-31T12:30:00.000Z,Samsung,3.58853E+14,,
6796aaf019005d0f46e68af6,0104,Mini Glass House (Coldframe),1.8 x 0.61 x 0.420/0.460,0104 Mini Glasshouse.jpg,Tools,Garden,https://www.redpath.co.nz/,0104 Mini Glasshouse.pdf,2014-08-10T12:00:00.000Z,Redpath - Palmerston North,457.6,0104 Mini Glasshouse.pdf,4mm Glass Powdercoating Karaka,1900-12-31T12:30:00.000Z,0,,Active,1900-12-31T12:30:00.000Z,1900-12-31T12:30:00.000Z,Red Path,,,
6796aaf019005d0f46e68af7,0106,Phone Samsung Galaxy S4 mini,Galaxy S4 mini,0106 Samsung Galaxy S4 Mini.jpg,Electronic,Disposed,https://www.samsung.com/nz/home,0106 Samsung Galaxy S4 mini.pdf,2015-04-03T11:00:00.000Z,Dick Smith Queensgate,299,0106 Samsung Galaxy S4 mini.pdf,2 Years Warranty till 04 Apr 2017,1900-12-31T12:30:00.000Z,0,,Inactive,1900-12-31T12:30:00.000Z,1900-12-31T12:30:00.000Z,Samsung,GT-I9195,R58FCL156L,
6796aaf019005d0f46e68afc,0114,Bluetooth Speaker,Soundlink Mini II,0114 Bose SoundLink Mini II.jpg,Electronic,Fionas Office,https://www.bose.co.nz/en_nz/index.html,0114 Bose SoundLink Mini II.pdf,2017-11-30T11:00:00.000Z,Associated Audio Wellington,299,0114 Bose SoundLink Mini II.pdf,1 Years Warranty,1900-12-31T12:30:00.000Z,0,,Active,1900-12-31T12:30:00.000Z,2023-11-03T11:00:00.000Z,Bose,,068614 P63080857A1,karol_wojasz
6796aaf019005d0f46e68afd,0115,Surface Pro4,Surface Pro4 I5 256 GB,0115 Surface Pro4 I5 256 GB.jpg,Electronic,Fionas Office,https://www.microsoft.com/en-nz/windows/featured-devices/surface-pro-4,0115 Surface Pro4 I5 256 GB.pdf,2017-11-30T11:00:00.000Z,Warehouse Stationery - Petone,1996.65,0115 MS Surface Pro4 I5 256 GB.pdf,1 Years Warranty,1900-12-31T12:30:00.000Z,0,,Active,1900-12-31T12:30:00.000Z,1900-12-31T12:30:00.000Z,Microsoft,1724,75781661953,
6796aaf019005d0f46e68b00,0126,Florence 3 + 2.5 Seater in Monet Chocolate (25-2202),Florence,0126 Florence Lounge Suite.jpg,Furniture,Living Room,https://www.furniture.co.nz/,0000 No Instructions.pdf,2018-03-21T11:00:00.000Z,Hunter Furniture Wellington,5039,0126 Florence-Lounge-Suite-H.pdf,10 Years Wood Frame and Foam 5 Years leather with the Protection Paln Kit,1900-12-31T12:30:00.000Z,0,,Active,1900-12-31T12:30:00.000Z,1900-12-31T12:30:00.000Z,Domani,,,
6796aaf019005d0f46e68b01,0130,Washing Machine,7.5kg Front Loader,0130 Electrolux Washing Machine EWF12753.jpg,Appliance,Basement,https://www.electrolux.co.nz/,0130 Electrolux Washing Machine EWF12753.pdf,2018-06-29T12:00:00.000Z,Noel Leeming - Lower Hutt,1237,0130 Electrolux Washing Machine EWF12753.pdf,2 yrs warranty. Very heavy - 69 kgs,1900-12-31T12:30:00.000Z,0,,Active,1900-12-31T12:30:00.000Z,1900-12-31T12:30:00.000Z,Electrolux,EWF12753 FL,SN811017776,
6796aaf019005d0f46e68b06,0142,Karcher WV2 Plus Window Cleaner,WV2 Plus,0142 Karcher WV2 Plus.jpg,Appliance,Basement,https://www.kaercher.com/nz/,0000 No Instructions.pdf,2020-12-17T11:00:00.000Z,Airpoints - Harvey Norman,179.99,0000 Missing Invoice.pdf,,1900-12-31T12:30:00.000Z,0,,Active,1900-12-31T12:30:00.000Z,1900-12-31T12:30:00.000Z,Karcher,,,
6796aaf019005d0f46e68b0f,0042,Oven,,0042 Electrolux Oven EOEE63AS.jpg,Appliance,Kitchen-Dining,https://www.electrolux.co.nz/,0042 Electrolux Oven EOEE63AS.pdf,2008-01-19T11:00:00.000Z,Harvey Norman Lower Hutt,2799.99,0042 Electrolux Oven EOEE63AS.pdf,,1900-12-31T12:30:00.000Z,0,,Active,1900-12-31T12:30:00.000Z,1900-12-31T12:30:00.000Z,Electrolux,EOEE63AS,75091771,
6796aaf019005d0f46e68b13,0062,Samsung Laptop,RF511-S02,0062 SamsungRF511.jpg,Electronic,Karols Office,https://www.samsung.com/nz/home,0000 No Instructions.pdf,2011-08-17T12:00:00.000Z,Harvey Norman Tory Street,2099,0062 SamsungRF511.pdf,,1900-12-31T12:30:00.000Z,0,,Active,1900-12-31T12:30:00.000Z,1900-12-31T12:30:00.000Z,Samsung,NP-RF511-S02NZ,FZKW93DB800022,
6796aaf019005d0f46e68b14,0066,Samsung 22 Monitor,SyncMaster,0065 Monitor Samsung S22B350.jpg,Electronic,Disposed,https://www.samsung.com/nz/home,0000 No Instructions.pdf,2012-06-09T12:00:00.000Z,Noel Leeming Lower Hutt,249.99,0066 Monitor Samsung S22B350.pdf,,2014-12-06T11:00:00.000Z,0,Stopped Working. Sent to rubbish tip,Inactive,1900-12-31T12:30:00.000Z,1900-12-31T12:30:00.000Z,Samsung,S22B350,ZUNDHMAC500015W,
6796aaf019005d0f46e68b17,0069,Samsung Notebook,530U4B-S01,0069 NP530U4B-S01AU.jpg,Electronic,Karols Office,https://www.samsung.com/nz/home,0069 Sumsung Notebook 530U4B.pdf,2012-10-21T11:00:00.000Z,JB HIFI,1020,0069 NP530U4B-S01AU.pdf,,1900-12-31T12:30:00.000Z,0,,Active,1900-12-31T12:30:00.000Z,2023-11-03T11:00:00.000Z,Samsung,530U4B-S01AU,HPUM91FC400004,karol_wojasz
6796aaf019005d0f46e68b1b,0100,MS Surface Pro 3 Tablet,Surface Pro 3 I7 256GB,0100 MS Surface-Pro-3 i7 256GB.jpg,Electronic,Disposed,https://www.microsoft.com/en-nz/default.aspx,0100 MS Surface-Pro-3 i7 256GB.pdf,2014-06-10T12:00:00.000Z,Noel Leeming Lower Hutt,2298.99,0100 MS Surface-Pro-3 i7 256GB.pdf,,1900-12-31T12:30:00.000Z,0,,Inactive,1900-12-31T12:30:00.000Z,1900-12-31T12:30:00.000Z,Microsoft,,SN063355643753,
6796aaf019005d0f46e68b22,0138,Antler Suitcase,Antler Juno 80,0138 Antler Juno 80.jpg,Other,Storage Space,https://www.strandbags.co.nz/luggage/,0000 No Instructions.pdf,2019-08-22T12:00:00.000Z,Strandbags Lower Hutt,219,0000 Missing Invoice.pdf,10 Years Warranty till 23 Aug 2029,1900-12-31T12:30:00.000Z,0,,Active,1900-12-31T12:30:00.000Z,1900-12-31T12:30:00.000Z,Antler Juno 80,,,
6796aaf019005d0f46e68a93,0017,Bookcase,Aiku Trapeze Bookcase,0017 BookShelf.jpg,Furniture,Hall,No URL,0000 No Instructions.pdf,1996-05-02T12:00:00.000Z,Handcrafted Furniture Vivian St,1020,0017 BookShelf.pdf,,1900-12-31T12:30:00.000Z,0,,Active,1900-12-31T12:30:00.000Z,1900-12-31T12:30:00.000Z,Hand Crafted Furniture,,,
6796aaf019005d0f46e68a95,0040,Fridge,Elegance Fridge,AssetImageMissing.jpg,Appliance,Disposed,https://www.fisherpaykel.com/nz/,0000 No Instructions.pdf,2003-10-24T11:00:00.000Z,Harvey Norman - Porirua,1599,0040 FridgeC370RW.pdf,"Discount $160, Delivery $40",2022-06-26T12:00:00.000Z,0,Damaged - disposed off,Inactive,1900-12-31T12:30:00.000Z,2022-06-27T12:00:00.000Z,Fisher and Paykel,C370RW/11197,,karol_wojasz
6796aaf019005d0f46e68aa1,0080,Sony Blue Ray Player,BDP-S360,0080 Sony Blue Ray Player BDP-S360.jpg,Electronic,Cork Room,https://www.sony.co.nz/section/home,0080 Sony Blue Ray Player BDP S360.pdf,2011-09-30T11:00:00.000Z,Sony NZ Auckland,200,0000 Missing Invoice.pdf,From Seaview Road,1900-12-31T12:30:00.000Z,0,,Active,1900-12-31T12:30:00.000Z,1900-12-31T12:30:00.000Z,Sony,,1004276,
6796aaf019005d0f46e68aa4,0091,Scott Y23 - Bicycle,Y23,AssetImageMissing.jpg,Sports Equipment,Disposed,https://www.scott-sports.com/nz/en,0000 No Instructions.pdf,2004-04-23T12:00:00.000Z,Penny Farthing Cycles,550,0091 Scott Y23 Bike.pdf,Areks Bike,1900-12-31T12:30:00.000Z,0,,Inactive,1900-12-31T12:30:00.000Z,1900-12-31T12:30:00.000Z,Scott,,TY3912979,
6796aaf019005d0f46e68aa7,0103,Logitech Mini Boom Portable Speakers,UE Mini Boom,0103 UE_Mini_bluetooth_speaker.jpg,Electronic,Karols Office,https://www.logitech.com/en-nz,0000 No Instructions.pdf,2014-12-19T11:00:00.000Z,Noel Leeming Lower Hutt,259.98,0103 UE_Mini_bluetooth_speaker.pdf,Two units @ $129.99 paid by Flybuys,1900-12-31T12:30:00.000Z,0,,Active,1900-12-31T12:30:00.000Z,1900-12-31T12:30:00.000Z,Logitech,,,
6796aaf019005d0f46e68aad,0134,Phone Motorola Moto G5S,Motorola G5S,0134 Motorola G5S.jpg,Electronic,Disposed,https://www.motorola.com/nz/home,0000 No Instructions.pdf,2019-02-25T11:00:00.000Z,Noel Leeming - Online,273,0134 Motorola G5S.pdf,1 Years Warranty till 26 Feb 2020,2020-11-11T11:00:00.000Z,0,Water Damaged,Inactive,1900-12-31T12:30:00.000Z,2022-04-26T12:00:00.000Z,Motorola,,,karol_wojasz
6796aaf019005d0f46e68ab4,0149,Sennheiser Aerbuds,Momentum TW3,0149 Sennheiser Earbuds.jpg,Electronic,Disposed,https://www.sennheiser-hearing.com/en-NZ/,0149 Sennheiser Earbuds manual.pdf,2022-12-19T11:00:00.000Z,BP-Tech,297,0149 Sennheiser Earbuds.pdf,1 Year Warranty,2024-09-10T12:00:00.000Z,297,Return under warranty.  Left earbud stopped charging.,Inactive,2022-12-19T11:00:00.000Z,2024-09-10T12:00:00.000Z,Sennheiser,509180,0282021194,karol_wojasz
6796aaf019005d0f46e68abb,0007,Vacuume Cleaner,Cat and Dog,0007_Vacum Cleaner_Miele_S5360.jpg,Appliance,Hall,https://www.miele.co.nz,0007 Miele Vacuum Cleaner S5360.pdf,2007-12-27T11:00:00.000Z,Norman Ross Lower Hutt,478,0007 Miele Vacuum Cleaner S5360.pdf,Includes Turbo Head Attachment,1900-12-31T12:30:00.000Z,0,,Active,1900-12-31T12:30:00.000Z,2021-09-22T12:00:00.000Z,Miele,S5360,00/83394856,karol_wojasz
6796aaf019005d0f46e68abf,0021,Heat Gun,,AssetImageMissing.jpg,Tools,Workshop,No URL,0000 No Instructions.pdf,1993-09-28T12:00:00.000Z,Mitre-10 Wainuiomata,75,0000 Missing Invoice.pdf,,1900-12-31T12:30:00.000Z,0,,Active,1900-12-31T12:30:00.000Z,1900-12-31T12:30:00.000Z,Black&Decker,BD1600,2669741,
6796aaf019005d0f46e68ac2,0035,Waffle Maker,WM700,0035 Waffle Maker.jpg,Appliance,Kitchen-Dining,https://www.breville.com.au/,0000 No Instructions.pdf,1999-09-29T12:00:00.000Z,Moore Wilson,49,0000 Missing Invoice.pdf,,1900-12-31T12:30:00.000Z,0,,Active,1900-12-31T12:30:00.000Z,1900-12-31T12:30:00.000Z,Breville,,N15224,
6796aaf019005d0f46e68acc,0078,Staple Gun Kit,RT34,0078 Rapid Staple Gun RT34.jpg,Tools,Workshop,https://www.rapid.com/en-US/,0000 No Instructions.pdf,2013-03-20T11:00:00.000Z,Petone Mega 10,79.99,0078 Rapid Staple Gun RT34.pdf,,1900-12-31T12:30:00.000Z,0,,Active,1900-12-31T12:30:00.000Z,1900-12-31T12:30:00.000Z,Rapid,,,
6796aaf019005d0f46e68ad4,0102,Samsung Galaxy S4 Mini Smart Phone 16GB,GT-I9195,0102 Sumsung Galaxy S4 Mini.jpg,Electronic,Disposed,https://www.samsung.com/nz/home,0102 Sumsung Galaxy S4 Mini.pdf,2014-12-20T11:00:00.000Z,Noel Leeming Wellinton,398.99,0102 Sumsung Galaxy S4 Mini.pdf,Phone $299.00 64 GB Lexmar Micro SDHC $99.99,1900-12-31T12:30:00.000Z,0,,Inactive,1900-12-31T12:30:00.000Z,1900-12-31T12:30:00.000Z,Samsung,,358488/05/013044/7,
6796aaf019005d0f46e68ad6,0121,Queen Size Bed,Chiropractic,0121 Queen Double Bed.jpg,Furniture,Cork Room,https://www.sleepyhead.co.nz/,0000 No Instructions.pdf,2017-07-22T12:00:00.000Z,Smith City Lower Hutt,2234.99,0121 Queen Double Bed.pdf,,1900-12-31T12:30:00.000Z,0,,Active,1900-12-31T12:30:00.000Z,1900-12-31T12:30:00.000Z,Sleepyhead,,,
6796aaf019005d0f46e68ad8,0125,Multisander,PSM 160 A,0125 Bosh PSM 160 A Sander.jpg,Tools,Workshop,https://http://www.bosch-pt.co.nz/nz/en/,0000 No Instructions.pdf,2018-01-27T11:00:00.000Z,Fly Buys,109,0000 Missing Invoice.pdf,2 Years Warranty till 28 Jan 2020,1900-12-31T12:30:00.000Z,0,,Active,1900-12-31T12:30:00.000Z,1900-12-31T12:30:00.000Z,Bosch,3 603 C77 041,704367324,
6796aaf019005d0f46e68ada,0137,Tiritiri Garden Shed,Tiritiri,0137 Garden Shed.jpg,Tools,Garden,https://shedsandshelters.co.nz/product/pinehaven-tiritiri/,0000 No Instructions.pdf,2018-08-27T12:00:00.000Z,Pinehavensheds,2525,0137 Tiritiri Garden Shed.pdf,10 Years Warranty till 18 Sep 2028,1900-12-31T12:30:00.000Z,0,,Active,1900-12-31T12:30:00.000Z,1900-12-31T12:30:00.000Z,Sheds and Shalters,,,
6796aaf019005d0f46e68adb,0148,Karcher Water Blaster,K2 1.602-232.0,0148 Karcher K2 Water Blaster.jpg,Tools,Workshop,https://www.kaercher.com/nz/,0148 Karcher K2 Water Blaster.pdf,2022-09-15T12:00:00.000Z,Bunnings - Lyall Bay,198,0148 Karcher K2 Water Blaster.pdf,5 Years Warranty,1900-12-31T12:30:00.000Z,0,,Active,2022-09-15T12:00:00.000Z,2022-09-15T12:00:00.000Z,Karcher,100953,,karol_wojasz
6796aaf019005d0f46e68add,0157,Workbench,Urban Industrial,0157 Workbench.jpg,Other,Workshop,https://www.pinnacle.net.au/,0000 No Instructions.pdf,2024-09-05T12:00:00.000Z,Bunnings - Tory Street,193,0157 Workbench.pdf,,1900-12-31T12:30:00.000Z,0,,Active,2024-09-06T12:00:00.000Z,1900-12-31T12:30:00.000Z,Pinnacle Hardware,,,
6796aaf019005d0f46e68ade,0004,Cordless Kettle 1.8 Liter,KE7500,0004_Sunbeam_Kettle_KE7500.jpg,Appliance,Disposed,https://www.sunbeam.com.au/,0004 Sunbean Cordless Kettle KE7500.pdf,2005-02-20T11:00:00.000Z,Briscoes,69.99,0004_Sunbean_Kettle_KE7500.pdf,12 Month Full Replacement Guarantee,2017-12-16T11:00:00.000Z,0,Leaking water. Rubbish.,Inactive,1900-12-31T12:30:00.000Z,1900-12-31T12:30:00.000Z,Sunbeam,,,
6796aaf019005d0f46e68adf,0012,Photo Camera,PowerShot A710 IS,0012 Canon Camera PSA710I.jpg,Electronic,Disposed,https://www.canon.co.nz/,0012 Canon Camera PSA710I.pdf,2007-02-07T11:00:00.000Z,"Colin Kirk , Wellington",702,0012 Cannon Camera A710IS.pdf,Camera + 1GB Card Sd + Charger + 2 x 2 AA battres + Cover,1900-12-31T12:30:00.000Z,0,,Inactive,1900-12-31T12:30:00.000Z,1900-12-31T12:30:00.000Z,Canon,A710 IS,3248301442,
6796aaf019005d0f46e68aeb,0060,Iron,SR6570,0060 Sunbeam Iron SR6570.jpg,Appliance,Kitchen-Dining,https://www.sunbeam.com.au/,0060 Sunbeam Iron SR6570.pdf,2011-09-08T12:00:00.000Z,Noel Leeming Lower Hutt,119.99,0060 Sunbeam Iron SR6570.pdf,Fly Buys,1900-12-31T12:30:00.000Z,0,,Active,1900-12-31T12:30:00.000Z,1900-12-31T12:30:00.000Z,SunBeam,,,
6796aaf019005d0f46e68aee,0077,Dimplex Heater 1kW 7 Fins,OFRC10B,0077 Dimplex Heater 7 Fins OFRC15.jpg,Appliance,Fionas Office,https://www.dimplex.co.nz/products/heating/Eco_Column_Heaters/,0000 No Instructions.pdf,2013-06-14T12:00:00.000Z,Petone Mega 10,109,0077 Dimplex Heater 7 Fins OFRC15B.pdf,Two year warranty ends on 15 Jun 2015,1900-12-31T12:30:00.000Z,0,,Active,1900-12-31T12:30:00.000Z,1900-12-31T12:30:00.000Z,Dimplex,,,
6796aaf019005d0f46e68af0,0082,Panasonic Digital Camera,Lumix,0082 Panasonic DMC-TZ30.jpg,Electronic,Disposed,https://www.panasonic.com/nz/home.html,0082 Panasonic Camera DMC-TZ30.pdf,2013-03-07T11:00:00.000Z,Photo Warehouse Wellington,452.4,0082 Panasonic DMC-TZ30.pdf,Includes 16GB memory card,2015-02-25T11:00:00.000Z,0,Dropped. Lens no longer operational,Inactive,1900-12-31T12:30:00.000Z,1900-12-31T12:30:00.000Z,Panasonic,DMC-TZ30 GN-R,FD2F001192,
6796aaf019005d0f46e68af3,0093,Breville Sandwich Maker the Big One,BTS100,0093 Breville Sandwich Maker BTS100.jpg,Appliance,Disposed,https://www.breville.com.au/cooking-appliances/sandwich-press.html\n,0093 Breville Sandwich Maker BTS100.pdf,2013-06-10T12:00:00.000Z,Noel Leeming Lower Hutt,90,0000 Missing Invoice.pdf,Fly Buys,2017-11-30T11:00:00.000Z,0,Given to Arek,Inactive,1900-12-31T12:30:00.000Z,1900-12-31T12:30:00.000Z,Breville,,,
6796aaf019005d0f46e68af8,0108,XBox-One,XBox-One 1TB,0108 Xbox-One.jpg,Electronic,Disposed,https://www.xbox.com/en-NZ/xbox-one,0000 No Instructions.pdf,2015-11-29T11:00:00.000Z,MightyApe,550,0000 Missing Invoice.pdf,,1900-12-31T12:30:00.000Z,0,,Inactive,1900-12-31T12:30:00.000Z,1900-12-31T12:30:00.000Z,Microsoft,FCCIDC3K1525,1.78385E+11,
6796aaf019005d0f46e68b04,0135,Acer Nitro 5 Spin Laptop,Nitro 5 Spin,0135 Acer Nitro 5 Spin.jpg,Electronic,Karols Office,https://www.acer.com/ac/en/NZ/content/home,0135 Acer Nitro 5 Spin.pdf,2019-05-04T12:00:00.000Z,Noel Leeming Lower Hutt,2299,0135 Acer Nitro 5 Spin.pdf,1 Years Warranty till 05 Feb 2020,1900-12-31T12:30:00.000Z,0,,Active,1900-12-31T12:30:00.000Z,1900-12-31T12:30:00.000Z,Acer,NP5-51-875P,S/N NHQ2YSA0039010558B6600,
6796aaf019005d0f46e68b0b,0010,Handmixer,,0010 Kenwood Hand Mixer HM320.jpg,Appliance,Kitchen-Dining,https://www.kenwoodworld.com/en-nz,0010 Kenwood Hand Mixer HM320.pdf,2006-02-09T11:00:00.000Z,Briscoes Lower Hutt,75,0000 Missing Invoice.pdf,,1900-12-31T12:30:00.000Z,0,,Active,1900-12-31T12:30:00.000Z,1900-12-31T12:30:00.000Z,Kenwood,HM320,,
6796aaf019005d0f46e68b0d,0034,Avanti 99 Blizzard 35 Red - Bicycle,Blizzard,AssetImageMissing.jpg,Sports Equipment,Disposed,https://www.avantibikes.com/nz/,0000 No Instructions.pdf,1999-09-24T12:00:00.000Z,Burkes - Wellington,499,0034 Avanti Bicyclwe 99 Blizzard 35 Red.pdf,Fiona's Bike,2020-03-30T11:00:00.000Z,0,Given away,Inactive,1900-12-31T12:30:00.000Z,2023-11-03T11:00:00.000Z,Avanti,A9VoR9435,U88U26263,
6796aaf019005d0f46e68b11,0050,Asus N61JQ Notebook,N61JQ-JX002V,0050 Asus N61JQ Notebook.jpg,Electronic,Disposed,https://www.asus.com/nz/,0050 Asus N61JQ.pdf,2010-02-09T11:00:00.000Z,Harvey Norman Lower Hutt,2315,0050 Asus N61JQ Notebook.pdf,Check Number 3955 Two Years Warranty,2017-05-21T12:00:00.000Z,0,Stopped Working. Sent to rubbish tip,Inactive,1900-12-31T12:30:00.000Z,1900-12-31T12:30:00.000Z,Asus,3955,9CN0AS57221553E,
6796aaf019005d0f46e68b12,0059,Garden Shed,Fortress Tuf 500,0059 Garden Shed TUF500C.jpg,Other,Workshop,https://www.shedsandshelters.co.nz/,0000 No Instructions.pdf,2011-03-12T11:00:00.000Z,Petone Mega 10,1204,0059 Garden Shed TUF500C.pdf,Floor Included 15 Yrs warranty no 47527/12,1900-12-31T12:30:00.000Z,0,,Active,1900-12-31T12:30:00.000Z,1900-12-31T12:30:00.000Z,Riverlea,,47527/12,
6796aaf019005d0f46e68b19,0090,Freeview Decoder,T1020,0090 DishTv T1020.jpg,Electronic,Disposed,https://www.dishtv.co.nz/,0090 DishTV-T1020 Decoder.pdf,2013-09-14T12:00:00.000Z,Noel Leeming Lower Hutt,149,0090 DishTv T1020.pdf,,2016-01-16T11:00:00.000Z,0,Stoped working,Inactive,1900-12-31T12:30:00.000Z,1900-12-31T12:30:00.000Z,Dish Tv,,T102012082893,
6796aaf019005d0f46e68b1d,0112,Electric Chainsaw,1800W 40cm,0112 Makita Chainsaw.jpg,Tools,Garden Shed,https://www.makita.co.nz/,0112 Makita Chainsaw.pdf,2016-04-16T12:00:00.000Z,Mitre 10 Mega Petone,168.3,0112 Makita Chainsaw.pdf,,1900-12-31T12:30:00.000Z,0,,Active,1900-12-31T12:30:00.000Z,1900-12-31T12:30:00.000Z,Makita,UC4041A,,
6796aaf019005d0f46e68b1f,0118,Phone Samsung Galaxy A3 2017,Galaxy A3 2017,0118 GalaxyA3 2017.jpg,Electronic,Disposed,https://www.samsung.com/nz/home,0118 GalaxyA3 2017.pdf,2017-03-08T11:00:00.000Z,2 Degrees Wellington,499,0118 GalaxyA3 2017.pdf,2 Years Warranty till 09 Mar 2019,1900-12-31T12:30:00.000Z,0,,Inactive,1900-12-31T12:30:00.000Z,1900-12-31T12:30:00.000Z,Samsung,SM-A320Y,RF8J21T20HE IMEI: 356313080005835 / 01,
6796aaf019005d0f46e68a94,0020,Orbital Sender,,AssetImageMissing.jpg,Tools,Workshop,No URL,0000 No Instructions.pdf,1994-06-29T12:00:00.000Z,Mitre-10 Wainuiomata,100,0000 Missing Invoice.pdf,,1900-12-31T12:30:00.000Z,0,,Active,1900-12-31T12:30:00.000Z,1900-12-31T12:30:00.000Z,Black&Decker,BD175,2597788,
6796aaf019005d0f46e68a97,0044,Victa Lawnmower,Bronco,0044 Victa Lawnmower BRA482A.jpg,Tools,Workshop,https://www.victa.com/nz/,0044 Victa Lawnmower BRA482A.pdf,2007-02-04T11:00:00.000Z,Petone Mega 10,572.9,0044 Victa Lawnmower BRA482A.pdf,2 Strke Engine,1900-12-31T12:30:00.000Z,0,,Active,1900-12-31T12:30:00.000Z,1900-12-31T12:30:00.000Z,Victa,BRA482A,,
6796aaf019005d0f46e68a9a,0049,iPod Touch 32 MB 3rd Generation,iPod Touch 32G,0049 Apple iPod_touch_3.1 .jpg,Electronic,Disposed,https://www.apple.com/nz/,0049 Apple iPod_touch_3.1 .pdf,2009-09-23T12:00:00.000Z,Dick Smith Electronics,499,0049 Apple iPod_touch_3.1 .pdf,Areks 18 birthday present,1900-12-31T12:30:00.000Z,0,,Inactive,1900-12-31T12:30:00.000Z,1900-12-31T12:30:00.000Z,Apple,MC008ZP/A,1B9378X76K2,
6796aaf019005d0f46e68a9b,0051,King Single Bedset x 2,,AssetImageMissing.jpg,Furniture,Disposed,No URL,0000 No Instructions.pdf,2010-04-04T12:00:00.000Z,Big Save Furniture,1048,0051 King Single Bedsets.pdf,,2017-08-17T12:00:00.000Z,255,Sold on Tradme,Inactive,1900-12-31T12:30:00.000Z,1900-12-31T12:30:00.000Z,Slumberpaedic,,,
6796aaf019005d0f46e68aa2,0085,Xbox 360 Slim Kinect 250 GB,1439,0085 Xbox36 Slim Kinect.jpg,Electronic,Disposed,https://www.xbox.com/en-US/xbox-360/consoles,0000 No Instructions.pdf,2013-02-05T11:00:00.000Z,Trademe,250,0085 Xbox36 Slim Kinect.pdf,,1900-12-31T12:30:00.000Z,0,,Inactive,1900-12-31T12:30:00.000Z,1900-12-31T12:30:00.000Z,Microsoft,,1.03668E+11,
6796aaf019005d0f46e68aa3,0089,Klipsch Speakers,HDT-600,0089 Klipsch HDT-600 Speakers.jpg,Electronic,Living Room,https://www.klipsch.com/,0089 Klipsch Speakers HDT-600.pdf,2013-07-08T12:00:00.000Z,Harvey Norman Lower Hutt,938,0089 Klipsch HDT-600 Speakers.pdf,,1900-12-31T12:30:00.000Z,0,,Active,1900-12-31T12:30:00.000Z,1900-12-31T12:30:00.000Z,Klipsch,,,
6796aaf019005d0f46e68aa6,0099,Cordless Phone,KX-TG6722NZB,0099 Panasonic Cordless Phone KX-TG6722NZ.jpg,Electronic,Living Room,https://www.panasonic.com/nz/home.html,0099 Panasonic Cordless Phone KX-TG6722NZ.pdf,2014-08-27T12:00:00.000Z,Dick Smith Fatherston Street,99.99,0099 Panasonic Cordless Phone KX-TG6722NZ.pdf,,1900-12-31T12:30:00.000Z,0,,Active,1900-12-31T12:30:00.000Z,1900-12-31T12:30:00.000Z,Panasonic,,4FAQC021837,
6796aaf019005d0f46e68aaa,0127,LEDlux Daros 2 Light Floor Lamp,Daros,0127 Daros 2 Light.jpg,Appliance,Living Room,https://www.lightingdirect.co.nz/,0000 No Instructions.pdf,2018-03-09T11:00:00.000Z,Lighting Direct Lower Hutt,231.9,0127 LED Daros Lamp.pdf,1 Years Warranty till 10 Mar 2019,1900-12-31T12:30:00.000Z,0,,Active,1900-12-31T12:30:00.000Z,1900-12-31T12:30:00.000Z,Lighting Direct,,,
6796aaf019005d0f46e68aab,0128,Kenwood Mixer,KVC 3100S,0128 kenwood-kvc3100s.jpg,Appliance,Kitchen-Dining,https://http://www.kenwoodworld.com/en-nz,0128 Kenwood Mixer - Kenwood KVC 3100S.pdf,2018-04-27T12:00:00.000Z,Briscoes Petone,449.99,0128 kenwood-kvc3100s.pdf,5 Years Warranty till 28 Apr 2023,1900-12-31T12:30:00.000Z,0,,Active,1900-12-31T12:30:00.000Z,2021-09-22T12:00:00.000Z,Kenwood,OW20011199,176383,karol_wojasz
6796aaf019005d0f46e68aaf,0140,Kenwood Hand Blander,HDP406WH,0140 Kenwood Hand Blender.jpg,Appliance,Kitchen-Dining,https://http://www.kenwoodworld.com/en-nz,0000 No Instructions.pdf,2020-02-24T11:00:00.000Z,Airpoints - Harvey Norman,169,0000 Missing Invoice.pdf,,1900-12-31T12:30:00.000Z,0,,Active,1900-12-31T12:30:00.000Z,1900-12-31T12:30:00.000Z,Kenwood,OW22111017,5622190213/1,
6796aaf019005d0f46e68ab0,0141,Phone Samsung Galaxy A51 2020,Galaxy A51 2020,0141 Samsung Galaxy A51.jpeg,Electronic,Karols Office,https://www.samsung.com/nz/home,0000 No Instructions.pdf,2020-11-07T11:00:00.000Z,Mighty Ape,534,0141 Samsung Galaxy A51.pdf,Haze Crush Silver ROM: 128GB RAM: 6GB 2 Years Warranty till 08 Nov 2022,1900-12-31T12:30:00.000Z,0,,Active,1900-12-31T12:30:00.000Z,2022-03-29T11:00:00.000Z,Samsung,SM-A515F/DSN,S/N: R58N9281DBZ IMEI 1:35459387212096 IMEI 2:3550,karol_wojasz
6796aaf019005d0f46e68ab5,0150,Samsung Galaxy Tab A8,Tab A8 64GB,0150 Sumsung Tab A8.jpg,Electronic,Karols Office,https://www.samsung.com/nz/,0150 Sumsung Tab A8 Manual.pdf,2023-04-18T12:00:00.000Z,Noel Leeming,349,0150 Sumsung Tab A8.pdf,2 Years Warranty,1900-12-31T12:30:00.000Z,0,,Active,2023-04-18T12:00:00.000Z,2023-04-18T12:00:00.000Z,Samsung,SM-X200,R8YW20P5X8K,karol_wojasz
6796aaf019005d0f46e68ab6,0151,Mattress - Queen,Preform 3 Mattress Queen,0151 Perform 3 Mattress Queen.jpg,Furniture,Bedroom,https://www.sleepyhead.co.nz/,0000 No Instructions.pdf,2023-10-22T11:00:00.000Z,Beds R Us Lower Hutt,1411,0151 Perform 3 Mattress Queen.pdf,Includes $80.00 delivery and $30.00 disposal,1900-12-31T12:30:00.000Z,0,,Active,2023-10-22T11:00:00.000Z,1900-12-31T12:30:00.000Z,Sleepyhead,,,
6796aaf019005d0f46e68ab7,0153,EGO Power Plus Lawnmower,LM1700E,0153 EGO Power Lawnmower.jpg,Tools,Workshop,https://egopowerplus.eu/,0153 MNL_EGO_LM1700E.pdf,2024-03-24T11:00:00.000Z,Mitre10 Megastore Petone,799,0153 EGO Power Lawnmower.pdf,Mower 5 year warranty Batter 3 years warranty ,1900-12-31T12:30:00.000Z,0,,Active,2024-03-24T11:00:00.000Z,2024-03-24T11:00:00.000Z,EGO Power Plus,,ALM16212689951X,karol_wojasz
6796aaf019005d0f46e68ac3,0036,JVC Digital Video Camera,Mini DV pal,0036 JVC Camera.gif,Electronic,Karols Office,https://www.jvc.co.nz/,0000 No Instructions.pdf,2000-07-30T12:00:00.000Z,Camera House Brown Bay Auckland,3000,0000 Missing Invoice.pdf,,1900-12-31T12:30:00.000Z,0,,Active,1900-12-31T12:30:00.000Z,1900-12-31T12:30:00.000Z,JVC,GR DVX 40 A,7530017,
6796aaf019005d0f46e68ac6,0058,Sony Reader Touch Edition 6 inch,PRS650BC,0058 Sony_Reader_PSR650.jpg,Electronic,Karols Office,https://www.sony.co.nz/,0058 Sony Reader PRS650.pdf,2010-12-14T11:00:00.000Z,Sony NZ Wellington,399.95,0058 Sony_Reader_PSR650.pdf,Leather Cover $59.95,1900-12-31T12:30:00.000Z,0,,Active,1900-12-31T12:30:00.000Z,1900-12-31T12:30:00.000Z,Sony,,14841450 1169781,
6796aaf019005d0f46e68acf,0084,Leica Binoculars,Trinovid,0084 Leica Trtinovid 8x20.jpg,Electronic,Fionas Office,https://www.leica-camera.com/,0084 Leica Binoculars Trinovid 20.pdf,2005-03-27T12:00:00.000Z,Happy Snappa Kodak Express Queenstown,841.95,0084 Leica Trtinovid 8x20.pdf,Includes Lowepro Case,1900-12-31T12:30:00.000Z,0,,Active,1900-12-31T12:30:00.000Z,1900-12-31T12:30:00.000Z,Leica,Trinovid 8 x 20 BC,,
6796aaf019005d0f46e68ad0,0087,Nikon Sigma 10-20mmCamera Lens,F4-5.6 EX DC HSM (F4-5.6 EX DC HSM-),0087 Nikon Sigma 10-20mm.jpg,Electronic,Cork Room,https://www.nikon.com/,0000 No Instructions.pdf,2013-10-10T11:00:00.000Z,Expert Infotech,645,0086 Nikon Lenses.pdf,,1900-12-31T12:30:00.000Z,0,,Active,1900-12-31T12:30:00.000Z,1900-12-31T12:30:00.000Z,Sigma,,,
6796aaf019005d0f46e68ad1,0092,Asus RT-AC660U Wireless Router,RT-AC660U,0092 Asus_RT_AC66U_Router.jpg,Electronic,Karols Office,https://www.asus.com/nz/\n,0092 Asus_RT_AC66U_Manual.pdf,2013-09-15T12:00:00.000Z,Ascent,350.34,0092 Asus RT-AC660U Wireless Router.pdf,,1900-12-31T12:30:00.000Z,0,,Active,1900-12-31T12:30:00.000Z,1900-12-31T12:30:00.000Z,Asus,,SND7IEGG013674,
6796aaf019005d0f46e68ad5,0107,Tablet Galaxy Tab S2 9.7,Galaxy Tab S2 9.7,0107 samsung-galexy-tab-s2.jpg,Electronic,Karols Office,https://www.samsung.com/nz/home,0000 No Instructions.pdf,2015-03-08T11:00:00.000Z,Harvey Norman Lower Hutt,787,0107 Samsung Galaxy Tab S2 9-7.pdf,,1900-12-31T12:30:00.000Z,0,,Active,1900-12-31T12:30:00.000Z,1900-12-31T12:30:00.000Z,Samsung,SM-T810,RF2G7067H4E,
6796aaf019005d0f46e68ae1,0018,Jigsaw,,AssetImageMissing.jpg,Tools,Workshop,No URL,0000 No Instructions.pdf,1995-06-29T12:00:00.000Z,Mitre-10 Wainuiomata,100,0000 Missing Invoice.pdf,,1900-12-31T12:30:00.000Z,0,,Active,1900-12-31T12:30:00.000Z,1900-12-31T12:30:00.000Z,Black&Decker,BD531,2778582,
6796aaf019005d0f46e68ae3,0026,Sleeping Bag x 2,Lirosa,AssetImageMissing.jpg,Sports Equipment,Disposed,,0000 No Instructions.pdf,1998-12-19T11:00:00.000Z,Doyles - Wellington,99.95,0000 Missing Invoice.pdf,,2023-03-30T11:00:00.000Z,0,Given to Scouts.,Inactive,1900-12-31T12:30:00.000Z,2023-11-03T11:00:00.000Z,Pacha,,,karol_wojasz
6796aaf019005d0f46e68ae7,0046,Karcher Waterblaster,,0046 Karcher Water Bluster.jpg,Tools,Disposed,https://www.karcher.co.nz/nz/Home.htm,0046 Karcher Water Bluster.pdf,2009-01-09T11:00:00.000Z,Petone Mega 10,299,0000 Missing Invoice.pdf,Includes T50 Racer. From Flybuys,2022-09-15T12:00:00.000Z,0,Given to Arek. Only one nozzle working,Inactive,1900-12-31T12:30:00.000Z,2022-09-30T11:00:00.000Z,Karcher,K.238 M,,karol_wojasz
6796aaf019005d0f46e68aef,0081,Sony Bravia 40 inch TV,KDL-40EX700,0081 Sony Bravia 40 Inch TV KDL-40EX700.jpeg,Electronic,Disposed,https://www.sony.co.nz/section/home,0081 Sony Bravia 40 Inch TV KDL-40EX700.pdf,2011-09-30T11:00:00.000Z,Sony NZ Auckland,2000,0000 Missing Invoice.pdf,From Seaview Road,1900-12-31T12:30:00.000Z,0,,Inactive,1900-12-31T12:30:00.000Z,1900-12-31T12:30:00.000Z,Sony,,2200055,
6796aaf019005d0f46e68af4,0096,Brampton Folding Bike,M or H Type,0096 brompton-unfolded.jpg,Sports Equipment,Disposed,https://www.brompton.com/,0000 No Instructions.pdf,2006-08-24T12:00:00.000Z,England,2000,0000 Missing Invoice.pdf,Purchased in Eangland,2024-02-09T11:00:00.000Z,606,Sold on Tradme for $606.00 less $47.87 success fee,Inactive,1900-12-31T12:30:00.000Z,2024-02-13T11:00:00.000Z,Brampton,,,karol_wojasz
6796aaf019005d0f46e68afa,0110,Freeview Dual Tuner Digital Recorder,T2200,0110 T2200 dish-tv-freeviewplus-recorder.jpg,Electronic,Living Room,https://www.dishtv.co.nz/,0110 T2200 dish-tv-freeviewplus-recorder.pdf,2016-01-20T11:00:00.000Z,JBHI-FI Lower Hutt,388,0110 T2200 dish-tv-freeviewplus-recorder.pdf,,1900-12-31T12:30:00.000Z,0,,Active,1900-12-31T12:30:00.000Z,1900-12-31T12:30:00.000Z,Dish Tv,,T220015330003682,
6796aaf019005d0f46e68b02,0131,Router Plunge,RRT 1600S,0131 Ryobi Router Plunge.jpg,Tools,Workshop,https://http://www.ryobi.co.nz,0131 Ryobi Router Plunge.pdf,2018-09-18T12:00:00.000Z,Bunnings Petone,147,0131 Ryobi Router Plunge.pdf,4 Years Warranty till 19 Sep 2022,1900-12-31T12:30:00.000Z,0,,Active,1900-12-31T12:30:00.000Z,1900-12-31T12:30:00.000Z,Ryobi,,SN026805W16Y2018,
6796aaf019005d0f46e68b07,0145,Acer Nitro 5 Laptop,Nitro 5,0145 Acer Nitro 5 Laptop.jpg,Electronic,Fionas Office,https://www.acer.com/ac/en/NZ/content/series/nitro5,0145 Acer 5 Nitro Laptop Manual.pdf,2022-01-18T11:00:00.000Z,Just Laptops,1897.99,0145 Acer 5 Nitro Laptop.pdf,,1900-12-31T12:30:00.000Z,0,,Active,2022-01-21T11:00:00.000Z,2022-01-21T11:00:00.000Z,Acer,AN515-45R8GW,NHQBMSA0011400FEC3400,karol_wojasz
6796aaf019005d0f46e68b08,0147,Fridge,HRF241VW,0147 Haier Fridge open.jpg,Appliance,Kitchen-Dining,https://www.haier.co.nz/,0147 Haier Fridge-HRF241VW.pdf,2022-06-16T12:00:00.000Z,Farmers - Lower Hutt,999,0147 Haier Fridge.pdf,Delivered on 28-Jun-2022 (2 Years start of the warranty),1900-12-31T12:30:00.000Z,0,,Active,2022-06-27T12:00:00.000Z,2022-06-27T12:00:00.000Z,Haier,62228,TD003708300Q1N390174,karol_wojasz
6796aaf019005d0f46e68b09,0156,Logitech 850 Keyboard and Mouse Combo,850MK,0156 Logitech 850.jpg,Electronic,Fionas Office,https://www.logitech.com/en-nz,0000 No Instructions.pdf,2024-07-29T12:00:00.000Z,PBTech Petone,160.54,0156 Logitech 850.pdf,1 Year Warranty,1900-12-31T12:30:00.000Z,0,,Active,2024-07-30T12:00:00.000Z,1900-12-31T12:30:00.000Z,Logitech,920-00 8233,2411SLC09BS9,
6796aaf019005d0f46e68b0a,0001,25 InchTV Set Cabinet,Sophia 25,AssetImageMissing.jpg,Furniture,Living Room,https://www.panasonic.com/nz/home/,0001 TV_Cabinet.pdf,1999-01-13T11:00:00.000Z,Noel Leeming - Queens Gate,149.95,9999 Replacement_items.pdf,,1900-12-31T12:30:00.000Z,0,,Active,1900-12-31T12:30:00.000Z,1900-12-31T12:30:00.000Z,Panasonic,NXG25S,,
6796aaf019005d0f46e68b0e,0039,Essex Dining Chairs x 4,,0039 Essex Dining Chair.jpg,Furniture,Kitchen-Dining,https://www.handcarvedfurniture.co.nz/,0000 No Instructions.pdf,2003-06-18T12:00:00.000Z,Hand Carved Furniture,918,0039 Essex Dining Chairs.pdf,,1900-12-31T12:30:00.000Z,0,,Active,1900-12-31T12:30:00.000Z,1900-12-31T12:30:00.000Z,Hand Carved Furniture,,,
6796aaf019005d0f46e68b1e,0113,Dinning Table - recycled rimu,Clutha Extension Table,0113 Clutha Dinning Table.jpg,Furniture,Kitchen-Dining,No URL,0000 No Instructions.pdf,2016-09-07T12:00:00.000Z,Harvey Norman Lower Hutt,2189,0113 Clutha Dinning Table.pdf,10 Years Warranty,1900-12-31T12:30:00.000Z,0,,Active,1900-12-31T12:30:00.000Z,1900-12-31T12:30:00.000Z,Woodpeckers,,,
6796aaf019005d0f46e68b20,0119,Portable Heater,2.4KW White Oil Free Column with Climate Control,0119 Dimplex Eco Heater 11 Fin Turbo.jpg,Electronic,Cork Room,https://http://www.dimplex.co.nz/,0000 No Instructions.pdf,2017-05-13T12:00:00.000Z,Mitre 10 Mega Petone,193,0119 Dimplex Eco Heater 11 Fin Turbo.pdf,2 Years Warranty till 14 May 2019,1900-12-31T12:30:00.000Z,0,,Active,1900-12-31T12:30:00.000Z,1900-12-31T12:30:00.000Z,Dimplex,OFRC24CCTFNW,,
6796aaf019005d0f46e68b23,0152,Dishwasher,Series 6,0152 Bosch Dishwasher SMS6HCI01A.jpg,Appliance,Kitchen-Dining,https://www.bosch-home.co.nz/,0152 Bosch Dishwasher SMS6HCI01A.pdf,2023-10-30T11:00:00.000Z,Harvey Norman - Lower Hutt,2108,0152 Bosch Dishwasher SMS6HCI01A.pdf,"2 Years Warranty, Includes 89 delivery and 30 disposal",1900-12-31T12:30:00.000Z,0,,Active,2023-10-30T11:00:00.000Z,2023-10-31T11:00:00.000Z,Bosch,SMS6HCI01A,012120527985024914,karol_wojasz
6796aaf019005d0f46e68a8e,0002,Video Cassetts Recorder - Super Drive\n4 Heads x360 Jet Rewind G-Code,NV-HV62,0002 NVHV62_PanasonicVCR.jpg,Electronic,Living Room,https://www.panasonic.com/nz/home/,0002 NVHV62_PanasonicVCR.pdf,2005-09-07T12:00:00.000Z,Radfords,180,0002 Panasonic VCR NVHV62.pdf,,1900-12-31T12:30:00.000Z,0,,Active,1900-12-31T12:30:00.000Z,1900-12-31T12:30:00.000Z,Panasonic,NV-HV62GN,F5XA00578,
6796aaf019005d0f46e68a8f,0003,Sony Playstation with the Dual Shock Controler,PS2,0003 Sony_PS2.jpg,Electronic,Cork Room,https://www.playstation.com/en-nz/,0003 Sony_PS2.pdf,2002-11-30T11:00:00.000Z,The Gameseman,499,0003 Sony PS2.pdf,1 Year Guarantee + 78.95 Memory Card,1900-12-31T12:30:00.000Z,0,,Active,1900-12-31T12:30:00.000Z,1900-12-31T12:30:00.000Z,Sony,SCPH-39002,A1037738,
6796aaf019005d0f46e68a90,0006,Dryer,,0006_FisherandPaykel_Dryer_ED54.jpg,Appliance,Basement,https://www.fisherpaykel.com/nz/,0006 Fisher and Pykel Dryer ED54.pdf,1993-06-16T12:00:00.000Z,Farmers - Queens Gate,689,0006_Dryer_FisherandPaykel_ED54.pdf,"Delay Start, Temperature Settings",1900-12-31T12:30:00.000Z,0,,Active,1900-12-31T12:30:00.000Z,1900-12-31T12:30:00.000Z,Fisher & Paykel,ED54-K,MEL130883,
6796aaf019005d0f46e68a91,0008,Washing Machine,8kg Front Loader,0008 Electrolux Washing Machine EWF1495.jpg,Appliance,Disposed,https://www.electrolux.co.nz/,0008 Electrolux Washing Machine EWF1495.pdf,2008-06-11T12:00:00.000Z,Harvey Norman Lower Hutt,1649,0008 Electrolux Washing Machine EWF1495.pdf,2 yrs warranty. Very heavy - 85 kgs,2018-06-29T12:00:00.000Z,0,Doesn't Spin.,Inactive,1900-12-31T12:30:00.000Z,1900-12-31T12:30:00.000Z,Electrolux,EWF1495,SN 803 70391,
6796aaf019005d0f46e68a9d,0054,Nikkor Lens 55-200mm,AFS DX VR Zoom,0054 Nikkor Lens 55-200mm.jpg,Electronic,Cork Room,https://www.nikon.co.nz/en_NZ,0000 No Instructions.pdf,2010-07-23T12:00:00.000Z,Harvey Norman Lower Hutt,0,0053 Nikon_D3000.pdf,Part of Nikon D3000 Pakage,1900-12-31T12:30:00.000Z,0,,Active,1900-12-31T12:30:00.000Z,1900-12-31T12:30:00.000Z,Nikon,55-200mm F/4-5.6G IF-ED,1876578,
6796aaf019005d0f46e68a9f,0064,Breville Rice Cookeer,BRC200,0064 Breville_brc200.jpg,Appliance,Kitchen-Dining,https://www.breville.com.au/,0064 Breville Rice Coker.pdf,2011-10-30T11:00:00.000Z,Noel Leeming Lower Hutt,89.99,0064 Breville Rice Cooker.pdf,Fly Buys,1900-12-31T12:30:00.000Z,0,,Active,1900-12-31T12:30:00.000Z,1900-12-31T12:30:00.000Z,Breville,,,
6796aaf019005d0f46e68aa0,0076,Dimplex Heater 2.4kW 11 Fins,OFRC24TIB,0076 Dimplex Heater 11 Fins OFRC24TIB.jpg,Appliance,Cork Room,https://www.dimplex.co.nz/products/heating/Eco_Column_Heaters/,0000 No Instructions.pdf,2012-05-18T12:00:00.000Z,Petone Mega 10,149,0076 Dimplex Heater 11 Fins OFRC24TIB.pdf,Two year warranty ends on 19 May 2014,1900-12-31T12:30:00.000Z,0,,Active,1900-12-31T12:30:00.000Z,1900-12-31T12:30:00.000Z,Dimplex,,,
6796aaf019005d0f46e68aa5,0097,Samsung Galaxy Ace3 Smart Phone,Galaxy Ace3,0097 Samsung Galaxy Ace3 GT-S7275R.jpg,Electronic,Disposed,https://www.samsung.com/nz/home,0097 Samsung Galaxy Ace3 GT-S7275R.pdf,2014-03-04T11:00:00.000Z,Telecom Queensgate,299,0097 Samsung Galaxy Ace3 GT-S7275R.pdf,Two years warranty ends on 03 May 2016,1900-12-31T12:30:00.000Z,0,,Inactive,1900-12-31T12:30:00.000Z,1900-12-31T12:30:00.000Z,Samsung,3.5903E+14,,
6796aaf019005d0f46e68aa8,0116,Docking Station,Surface Dck,0116 Surface Pro Docking Stattion.jpg,Electronic,Fionas Office,https://www.microsoft.com/en-nz/windows/featured-devices/surface-pro-4,0000 No Instructions.pdf,2017-11-30T11:00:00.000Z,Warehouse Stationery - Petone,299,0116 MS Surface Pro4 Dock Station.pdf,1 Years Warranty,1900-12-31T12:30:00.000Z,0,,Active,1900-12-31T12:30:00.000Z,1900-12-31T12:30:00.000Z,Microsoft,1661,,
6796aaf019005d0f46e68aa9,0117,Type Cover,Surface Surface Pro4,0117 Surface Pro4 Cover.jpg,Electronic,Fionas Office,https://www.microsoft.com/en-nz/windows/featured-devices/surface-pro-4,0000 No Instructions.pdf,2017-11-30T11:00:00.000Z,Noel Leeming - Lower Hutt,239.99,0117 MS Surface Pro4 Cover.pdf,1 Years Warranty,1900-12-31T12:30:00.000Z,0,,Active,1900-12-31T12:30:00.000Z,1900-12-31T12:30:00.000Z,Microsoft,1725,68148162254,
6796aaf019005d0f46e68aac,0129,Kenwood Mincer Attachment,AT950A,0129 Kenwood Mincer Attachment.jpg,Appliance,Kitchen-Dining,https://http://www.kenwoodworld.com/en-nz,0129 Kenwood Mincer.pdf,2018-04-27T12:00:00.000Z,Briscoes Online,130.99,0129 Mincer Attachment.pdf,,1900-12-31T12:30:00.000Z,0,,Active,1900-12-31T12:30:00.000Z,2021-09-22T12:00:00.000Z,Kenwood,KAX950ME,,karol_wojasz
6796aaf019005d0f46e68aae,0139,Phone Samsung Galaxy A50 2019,Galaxy A50 2019,0139 Samsung Galaxy A50.jpg,Electronic,Disposed,https://www.samsung.com/nz/home,0000 No Instructions.pdf,2019-12-17T11:00:00.000Z,Noel Leeming - Lower Hutt,439,0139 Samsung Galaxy A50 eReceipt.pdf,Black ROM: 64GB RAM: 4GB 2 Years Warranty till 18 Dec 2021,2022-03-19T11:00:00.000Z,0,Damaged screen - back pocket,Inactive,1900-12-31T12:30:00.000Z,2022-03-29T11:00:00.000Z,Samsung,SM-A505GN,354467/10/245740/8,karol_wojasz
6796aaf019005d0f46e68ab2,0144,Computer Screen,PRO MP242P,0144 MSI Pro MP242P Monitor.jpg,Electronic,Fionas Office,https://au.msi.com/,0000 No Instructions.pdf,2022-01-16T11:00:00.000Z,PB Tech Petone,366.85,0144 MSI Pro MP242P Monitor.pdf,1 Year Warranty,1900-12-31T12:30:00.000Z,0,,Active,2022-01-18T11:00:00.000Z,1900-12-31T12:30:00.000Z,MSI,3PA1,PA1T151900948,
6796aaf019005d0f46e68ab8,0155,Toaster ,Arise 4 Slice,0155 Toaster TAM5003SS.jpeg,Appliance,Kitchen-Dining,https://www.sunbeam.co.nz/kitchen-and-home/kettles-and-toasters,0155 Toaster TAM5003SS Manual.pdf,2024-04-11T12:00:00.000Z,Farmers Lower Hutt,134.99,0155 Toaster TAM5003SS.pdf,1 Years Replacement Warranty ,1900-12-31T12:30:00.000Z,0,,Active,2024-04-13T12:00:00.000Z,2024-04-13T12:00:00.000Z,Sunbeam,TAM5003SS,ULL-102700EP,karol_wojasz
6796aaf019005d0f46e68ab9,0158,Earbuds,WF-1000XM5,0158 Sony WF-1000XM5.jpg,Electronic,Karols Office,https://store.sony.co.nz/,0158 Sony WF-1000XM5 Manual.pdf,2024-09-10T12:00:00.000Z,PBTech Petone,358.61,0158 Sony WF-1000XM5.pdf,1 Years Replacement Warranty ,1900-12-31T12:30:00.000Z,0,,Active,2024-09-10T12:00:00.000Z,2024-09-13T12:00:00.000Z,Sony,P-92484710-H,S01-1869344-L,karol_wojasz
6796aaf019005d0f46e68aba,0005,2 Slice Toaster,,0005 Toaster.jpg,Appliance,Disposed,https://www.kenwoodworld.com/en-nz/,0000 No Instructions.pdf,2005-05-13T12:00:00.000Z,Briscoes,39.95,0000 Missing Invoice.pdf,One Year Guarantee,1900-12-31T12:30:00.000Z,0,,Inactive,1900-12-31T12:30:00.000Z,1900-12-31T12:30:00.000Z,Kenwood,TT225,,
6796aaf019005d0f46e68abe,0019,Saw,,AssetImageMissing.jpg,Tools,Workshop,No URL,0000 No Instructions.pdf,1994-06-29T12:00:00.000Z,Mitre-10 Wainuiomata,120,0000 Missing Invoice.pdf,,1900-12-31T12:30:00.000Z,0,,Active,1900-12-31T12:30:00.000Z,1900-12-31T12:30:00.000Z,Black&Decker,7308-46,,
6796aaf019005d0f46e68ac1,0032,Radio Control Car,,AssetImageMissing.jpg,Electronic,Fionas Office,No URL,0000 No Instructions.pdf,1996-06-29T12:00:00.000Z,Toy World,100,0000 Missing Invoice.pdf,Red,1900-12-31T12:30:00.000Z,0,,Active,1900-12-31T12:30:00.000Z,1900-12-31T12:30:00.000Z,Nikko,20760,,
6796aaf019005d0f46e68ac4,0041,Induction Cooktop,,0041 Electrolux Induction Cooktop EHD6685P.jpg,Appliance,Kitchen-Dining,https://www.electrolux.co.nz/,0041 Electrolux Induction Cooktop EHD6685P.pdf,2008-01-19T11:00:00.000Z,Harvey Norman Lower Hutt,2499.99,0042 Electrolux Oven EOEE63AS.pdf,,1900-12-31T12:30:00.000Z,0,,Active,1900-12-31T12:30:00.000Z,1900-12-31T12:30:00.000Z,Electrolux,EHD6685P,,
6796aaf019005d0f46e68ac5,0055,Nikkor Lens 18-55mm,18-55 VR Zoom,0055 Nikkor Lens 18-55mm.jpg,Electronic,Cork Room,https://www.nikon.co.nz/en_NZ,0000 No Instructions.pdf,2010-07-23T12:00:00.000Z,Harvey Norman Lower Hutt,0,0053 Nikon_D3000.pdf,Part of Nikon D3000 Pakage,1900-12-31T12:30:00.000Z,0,,Active,1900-12-31T12:30:00.000Z,1900-12-31T12:30:00.000Z,Nikon,,14070453,
6796aaf019005d0f46e68ac9,0072,Black and Decker Mitre Saw 254 mm,SMS500 - XE,0072 Mitre Saw SMS500-XE.jpg,Tools,Workshop,https://www.blackanddecker.co.nz/,0072 Black and Decker Mitre Saw.pdf,2013-03-16T11:00:00.000Z,Petone Mega 10,299,0072 Mitre Saw SMS500 - XE.pdf,Two year warranty ends on 17 Mar 2015,1900-12-31T12:30:00.000Z,0,,Active,1900-12-31T12:30:00.000Z,1900-12-31T12:30:00.000Z,Black and Decker,,,
6796aaf019005d0f46e68aca,0073,Mitre Saw Stand,SKU 184437,0073 Mitre Saw Warrir Stand.jpg,Tools,Workshop,https://www.warrior-tools.com/,0073 Mitre Saw Warrior Stand.pdf,2013-03-16T11:00:00.000Z,Petone Mega 10,149,0073 Mitre Saw Stand.pdf,,1900-12-31T12:30:00.000Z,0,,Active,1900-12-31T12:30:00.000Z,1900-12-31T12:30:00.000Z,Warrior,,,
6796aaf019005d0f46e68ad7,0124,Cordless Kettle - Soft Top Pure,BKE700BSS,0124_Kettle_BKE700BSS.jpg,Appliance,Kitchen-Dining,https://www.sunbeam.com.au/,0124_Kettle_BKE700BSS.pdf,2017-12-06T11:00:00.000Z,Briscoes,101.99,0124 Breville Kettle.pdf,12 Month Full Replacement Guarantee,1900-12-31T12:30:00.000Z,0,,Active,1900-12-31T12:30:00.000Z,1900-12-31T12:30:00.000Z,Breville,,,
6796aaf019005d0f46e68ad9,0132,Garden Table - Rectangular 760 x 1000 x 1800 Teak,Milano (recycled Teak),0132 Garden Table.jpg,Furniture,Garden,https://www.mitre10.co.nz/,0132 Garden Table.pdf,2018-10-21T11:00:00.000Z,Mitre 10 Mega Petone,1099,0132 Garden Table.pdf,3 Years Warranty till 22 Oct 2021,1900-12-31T12:30:00.000Z,0,,Active,1900-12-31T12:30:00.000Z,2021-09-22T12:00:00.000Z,Nouvea,,,karol_wojasz
6796aaf019005d0f46e68ae0,0014,Infrared Security Light,,AssetImageMissing.jpg,Other,Hall,No URL,0000 No Instructions.pdf,1994-05-30T12:00:00.000Z,,75,0000 Missing Invoice.pdf,,1900-12-31T12:30:00.000Z,0,,Active,1900-12-31T12:30:00.000Z,1900-12-31T12:30:00.000Z,,,,
6796aaf019005d0f46e68ae2,0022,Belt Sender,,0022 Makita Belt Sender 9924DB.jpg,Tools,Workshop,https://www.makita.co.nz/,0022 Makita Belt Sender 9924DB.pdf,1995-06-29T12:00:00.000Z,Placemakers Kaiwharawhara,320,0000 Missing Invoice.pdf,,1900-12-31T12:30:00.000Z,0,,Active,1900-12-31T12:30:00.000Z,1900-12-31T12:30:00.000Z,Makita,9924,115174E,
6796aaf019005d0f46e68ae9,0056,Dishwasher,SMS50E12AU,0056 bosch_dishwasher.jpg,Kitchenware,Disposed,https://www.bosch-home.co.nz/,0056 Dishwasher - Bosch SMS50E12AU SD6P6B.pdf,2010-09-18T12:00:00.000Z,Harvey Norman Lower Hutt,1197,0056 Bosch Dishwasher.pdf,,2023-10-30T11:00:00.000Z,0,Damaged W/Off,Inactive,1900-12-31T12:30:00.000Z,2023-10-30T11:00:00.000Z,Bosch,SD6P6B,N24342,karol_wojasz
6796aaf019005d0f46e68aed,0074,Ryobi Electric Hedge Trimmer,RHT600RLG,0074 Ryobi Hedge Trimmer RHT600RLG.jpg,Tools,Garden,https://www.ryobi.com.au/,0074 Ryobi Hedge Trimmer RHT600RLG.pdf,2013-02-15T11:00:00.000Z,Bunnings Lower Hutt,149.5,0074 Ryobi Hedge Trimmer RHT600RLG.pdf,Two year warranty ends on 16 Feb 2015,1900-12-31T12:30:00.000Z,0,,Active,1900-12-31T12:30:00.000Z,1900-12-31T12:30:00.000Z,Ryobi,,,
6796aaf019005d0f46e68af2,0088,Sony AV Receiver,STR-DN840,0088 Sony STR-DN840.jpg,Electronic,Living Room,https://www.sony.co.nz/productcategory/ha-hifi-component,0088 Sony AV Receiver STR-DN840.pdf,2013-06-08T12:00:00.000Z,Sony NZ Wellington,719.95,0088 Sony STR-DN840.pdf,3 Years warranty ends 06 Sep 2016,1900-12-31T12:30:00.000Z,0,,Active,1900-12-31T12:30:00.000Z,1900-12-31T12:30:00.000Z,Sony,,3300216,
6796aaf019005d0f46e68af9,0109,Acer Aspire VN 7791G,Aspire,0109 Acer Aspire VN7791G.jpg,Electronic,Disposed,https://www.acer.co.nz/ac/en/NZ/content/home,0000 No Instructions.pdf,2015-09-14T12:00:00.000Z,USA - newegg.com,1920,0000 Missing Invoice.pdf,,1900-12-31T12:30:00.000Z,0,,Inactive,1900-12-31T12:30:00.000Z,1900-12-31T12:30:00.000Z,Acer,VN7791G792A,NXMUTAA005510096A26609,
6796aaf019005d0f46e68afb,0111,Chipper Shredder 13 HP,13 HP,0111 Chipper Shredder 13 HP.jpg,Tools,Garden,https://www.tradetested.co.nz/,0000 No Instructions.pdf,2016-02-21T11:00:00.000Z,TradeTested,1299,0111 Chipper Shredder 13 HP.pdf,,1900-12-31T12:30:00.000Z,0,,Active,1900-12-31T12:30:00.000Z,1900-12-31T12:30:00.000Z,TradeTested,,,
6796aaf019005d0f46e68afe,0120,Panasonic Microwave,Inverter,0120 Panasonic Microwave.jpg,Kitchenware,Kitchen-Dining,https://http://www.panasonic.com/nz/,0120 Panasonic Microwave.pdf,2017-07-07T12:00:00.000Z,Noel Leeming Lower Hutt,242.99,0120 Panasonic Microwave.pdf,1 Years Warranty,1900-12-31T12:30:00.000Z,0,,Active,1900-12-31T12:30:00.000Z,1900-12-31T12:30:00.000Z,Panasonic,NN-ST671SQPQ,5B57160566,
6796aaf019005d0f46e68aff,0122,Samsung 24 Monitor,S24F350FHE,0122 Samsung SF350 Monitor.jpg,Electronic,Karols Office,https://www.samsung.com/nz/home,0000 No Instructions.pdf,2017-10-04T11:00:00.000Z,MightyApe,227.9,0122 Samsung SF350 Monitor.pdf,1 Years Warranty,1900-12-31T12:30:00.000Z,0,,Active,1900-12-31T12:30:00.000Z,1900-12-31T12:30:00.000Z,Samsung,,ZZBH4ZJ400485,
6796aaf019005d0f46e68b03,0133,Samsung Smart TV - 32 Inch,32 Inch FHD LED Smart TV,0133 Samsung Smart TV 5500.jpg,Electronic,Living Room,https://www.samsung.com/nz/,0133 Samsung Smart TV 5500.pdf,2018-11-30T11:00:00.000Z,Harvey Norman Lower Hutt,595,0133 Samsung Smart TV 5500.pdf,1 Years Warranty till 01 Dec 2019,1900-12-31T12:30:00.000Z,0,,Active,1900-12-31T12:30:00.000Z,1900-12-31T12:30:00.000Z,Samsung,UA32M5500ASXNZ,S/N03EY3NAKA00824,
6796aaf019005d0f46e68b05,0136,Acer Predator Hellios 300,Predator Helios 300,0136 Acer Predator Helios 300.jpg,Electronic,Karols Office,https://www.acer.com/ac/en/NZ/content/home,0000 No Instructions.pdf,2019-07-14T12:00:00.000Z,Mighty Ape,2238,0136 Acer Predator Helios 300.pdf,1 Years Warranty till 15 Jul 2020,1900-12-31T12:30:00.000Z,0,,Active,1900-12-31T12:30:00.000Z,1900-12-31T12:30:00.000Z,Acer,PH315-51-77BB,S/N NHQ3FSA002901028453400,
6796aaf019005d0f46e68b0c,0031,Epson Inkjet Printer,EpsonStylus Photo,0031 Epson Inkjet Printer StylusPhotoR390.jpg,Electronic,Disposed,https://www.epson.co.nz/,0031 Epson Inkjet Printer StylusPhotoR390.pdf,2008-05-09T12:00:00.000Z,Harvey Norman Lower Hutt,185,0031 Epson Inkjet Printer StylusPhotoR390.pdf,,1900-12-31T12:30:00.000Z,0,,Inactive,1900-12-31T12:30:00.000Z,1900-12-31T12:30:00.000Z,Epson,R390,JLDK004716,
6796aaf019005d0f46e68b10,0047,Toaster,TA6420,0047 Sunbean Toaster TA6420.jpg,Electronic,Disposed,https://www.sunbeam.com.au/,0047 Sunbean Toaster TA6420.pdf,2009-04-25T12:00:00.000Z,Harvey Norman Lower Hutt,74,0047 Sunbean Toaster TA6420.pdf,,2024-04-11T12:00:00.000Z,0,Damaged W/Off,Inactive,1900-12-31T12:30:00.000Z,2024-04-13T12:00:00.000Z,Sunmeam,,,karol_wojasz
6796aaf019005d0f46e68b15,0067,Samsung Galaxy Tab 2 10.1,Galaxy Tab 2 10.1,0067 Samsung Galaxy Tab 2 GT-P110.jpg,Electronic,Karols Office,https://www.samsung.com/nz/home,0067 Samsung Galaxy Tab 2 GT-P110.pdf,2012-06-21T12:00:00.000Z,Noel Leeming Tory Street,569,0067 Samsung Galaxy Tab 2 GT-P110.pdf,,1900-12-31T12:30:00.000Z,0,,Active,1900-12-31T12:30:00.000Z,1900-12-31T12:30:00.000Z,Samsung,GT-P5110,R32C6013R4Y,
6796aaf019005d0f46e68b16,0068,Samsung Smart TV,32 Inch Slim FHD LED,0068 Samsung TV UE32ES5500M.jpg,Electronic,Cork Room,https://www.samsung.com/nz/home,0000 No Instructions.pdf,2012-06-28T12:00:00.000Z,Harvey Norman Tory Street,788,0068 Samsung TV UE32ES5500M.pdf,,1900-12-31T12:30:00.000Z,0,,Active,1900-12-31T12:30:00.000Z,1900-12-31T12:30:00.000Z,Samsung,UA32ES5500MXRD,ZW6V3MKC400266L,
6796aaf019005d0f46e68b18,0070,Sony Reader WiFi Touch 2012 Black,PRST2BC,0070 Sony Reader PRST2BC.jpeg,Electronic,Fionas Office,https://www.sony.co.nz/section/home,0070 Sony Reader PRST2.pdf,2013-01-24T11:00:00.000Z,Sony NZ Wellington,199.95,0070 Sony Reader PRST2BC.pdf,,1900-12-31T12:30:00.000Z,0,,Active,1900-12-31T12:30:00.000Z,1900-12-31T12:30:00.000Z,Sony,,1100756,
6796aaf019005d0f46e68b1a,0094,Black and Decker Hammer Drill,KR753K-XE,0094 Black and Decker Hammer Drill KR753K.jpg,Tools,Workshop,https://www.blackanddecker.co.nz/powertools/,0000 No Instructions.pdf,2014-02-21T11:00:00.000Z,Petone Mega 10,99.99,0094 Black and Decker Hammer Drill KR753K.pdf,Two year warranty ends on 22 Feb 2016,1900-12-31T12:30:00.000Z,0,,Active,1900-12-31T12:30:00.000Z,1900-12-31T12:30:00.000Z,Black and Decker,,,
6796aaf019005d0f46e68b1c,0105,Panasonic Camera DMC-TZ 60,DMC-TZ 60,0105 Panasonic Camera DMC TZ 60.jpg,Electronic,Fionas Office,https://www.panasonic.com/nz/home.html,0105 Panasonic Camera DMC TZ 60.pdf,2014-09-01T12:00:00.000Z,Nelson City CAmeras,550,0105 Panasonic Camera DMC TZ 60.pdf,,1900-12-31T12:30:00.000Z,0,,Active,1900-12-31T12:30:00.000Z,1900-12-31T12:30:00.000Z,Panasonic,,WP4SB0023317,
6796aaf019005d0f46e68b21,0123,25.4 CC Grass Trimmer,RLT254CSEON,0123 Ryobi Grass Trimmer.jpg,Tools,Garden Shed,https://http://www.ryobi.co.nz,0123 Ryobi Grass Trimmer.pdf,2017-10-12T11:00:00.000Z,Bunnings Petone,249,0123 Ryobi Grass Trimmer.pdf,2 Years Warranty till 13 Oct 2019,1900-12-31T12:30:00.000Z,0,,Active,1900-12-31T12:30:00.000Z,1900-12-31T12:30:00.000Z,Ryobi,,,
6796aaf019005d0f46e68b24,0159,Surface Pro-4,Surface Pro 4,0159 Surface Pro4 I5 256 GB.jpg,Electronic,Karols Office,https://www.microsoft.com/en-nz/surface/devices/surface-pro-11th-edition,0159 Surface Pro4 I5 256 GB.pdf,2024-12-15T11:00:00.000Z,Trade Me,210,0159 MS Surface 4 Pro Invoice.pdf,Includes Keyboard Power Adaptor and Carry Bag,1900-12-31T12:30:00.000Z,0,,Active,2024-12-16T11:00:00.000Z,1900-12-31T12:30:00.000Z,Microsoft,I5 256GB,053957661553,
